file_name,prompt,device,condition,transcript,language,notes
001.m4a,A1,phone,quiet,,,
002.m4a,A2,phone,quiet,,,
003.m4a,A3,phone,quiet,,,
004.m4a,A4,phone,quiet,,,
005.m4a,A5,phone,quiet,,,
006.m4a,A6,phone,quiet,,,
007.m4a,A7,phone,quiet,,,
008.m4a,A8,phone,quiet,,,
009.m4a,B1,phone,quiet,,,
010.m4a,B2,phone,quiet,,,
011.m4a,B3,phone,quiet,,,
012.m4a,B4,phone,quiet,,,
013.m4a,B5,phone,quiet,,,
014.m4a,B6,phone,quiet,,,
015.m4a,B7,phone,quiet,,,
016.m4a,B8,phone,quiet,,,
017.m4a,C1 part 1,phone,quiet,,,
018.m4a,C1 part 2,phone,quiet,,,
019.m4a,C1 part 3,phone,quiet,,,
020.m4a,C2,phone,quiet,,,
021.m4a,C3,phone,quiet,,,
022.m4a,C4,phone,quiet,,,
023.m4a,D1,phone,quiet,,,
024.m4a,D2,phone,quiet,,,
025.m4a,D3,phone,quiet,,,
026.m4a,D4,phone,quiet,,,
027.m4a,D5,phone,quiet,,,
028.m4a,E1,phone,quiet,,,
029.m4a,E2,phone,quiet,,,
030.m4a,E3,phone,quiet,,,
031.m4a,E4,phone,quiet,,,
032.m4a,F1,phone,background-noise,,,
033.m4a,F2,phone,far-mic,,,
034.m4a,F3,phone,outdoors,,,
035.m4a,G1,phone,quiet,,,
036.m4a,G2,phone,background-noise,,,
